{
  "utils/locate-reuse-libs.js.map": 1720687700835,
  "manifest.json": 1720687700558,
  "model/models.js": 1720588654649,
  "controller/master.controller.js": 1720588654697,
  "controller/App.controller.js": 1720588654693,
  "utils/locate-reuse-libs.js": 1720588654649,
  "Component.js": 1720600853727,
  "utils/locate-reuse-libs-dbg.js": 1720588654649,
  "i18n/i18n.properties": 1720588654645,
  "controller/master-dbg.controller.js": 1720588654697,
  "controller/master.controller.js.map": 1720687700812,
  "controller/App-dbg.controller.js": 1720588654693,
  "controller/App.controller.js.map": 1720687700811,
  "model/models-dbg.js": 1720588654649,
  "model/models.js.map": 1720687700813,
  "Component-dbg.js": 1720600853727,
  "Component.js.map": 1720687700828,
  "Component-preload.js": 1720687701256,
  "Component-preload.js.map": 1720687701256,
  "view/master.view.xml": 1720590453649,
  "view/App.view.xml": 1720687616495,
  "css/style.css": 1720591362372,
  "index.html": 1720588654641
}